hour_of_day,is_new_device,is_new_ip_country,ip_asn_risk,session_latency_ms,mouse_entropy,typing_cadence_cv,touch_pressure_std,label
4,1,1,0.8217975649215167,285.95732716357395,0.2230635112470682,0.08043931570329606,0.04164703859583471,1
15,0,0,0.14898819136304242,64.79619822762189,0.6479446253029858,0.44071047589012513,0.1912685421496803,0
11,0,0,0.3206441670562563,33.492572502514264,0.8103192880769614,0.5894237649442031,0.38842674367051033,0
15,0,0,0.23257034038971355,73.7528911668826,0.6496286058105994,0.41208507486514123,0.38820885838054164,0
15,0,0,0.02179751424753616,90.0609733675373,0.6332311502051009,0.5887058729395744,0.27879834001891174,0
15,0,0,0.09158804851001699,91.548051550385,0.6730143389788976,0.40529954235849847,0.4488197910648218,0
9,0,0,0.14067290677478186,90.64258747762877,0.7270370317064802,0.6083108135657743,0.1048976106950083,0
13,0,0,0.15748236702135537,76.4268966197222,0.690337746443035,0.4870655515665496,0.4532823244147308,0
3,1,1,0.7463792778528285,232.6749667217165,0.20431556408963727,0.07139022173695381,0.024893638509746997,1
14,0,0,0.12658041038473353,65.40845611728707,0.7194306515897188,0.5103086158762209,0.15949861279024632,0
15,0,0,0.14078420609830036,67.30373672057087,0.8170306953378524,0.6622678254563739,0.3687438688301518,0
6,0,0,0.10045214818295214,60.81144493716264,0.7703037034888243,0.6269856893055356,0.2014950746308434,0
10,1,0,0.009687653411045194,48.258033984035166,0.8012412173186343,0.6125675571596154,0.3721831624968677,0
12,0,0,0.34486337337757067,81.46550629171392,0.6503027142379348,0.47616234191228923,0.4398475704353231,0
12,0,0,0.2134384603606359,63.6684978508885,0.5250899469402142,0.5934009823450107,0.35687947845981,0
11,0,0,0.09450573735056515,64.50979876973209,0.7011332604948655,0.6226098361446335,0.27791727765960383,0
11,0,0,0.01534533360713516,70.13197319234644,0.8021524597056495,0.5167831470160995,0.27015811253648975,0
10,0,0,0.11134752729650164,55.01880058643894,0.8152244562808094,0.47011942551070185,0.25518523355741457,0
11,0,0,0.17318353577434992,111.55536409863772,0.7587185835161221,0.45063021228935174,0.43676691131710754,0
12,0,0,0.15268257569920957,78.90130267594165,0.5513848489908477,0.6422639722787853,0.1598167606616015,0
9,0,0,0.38844678782950604,92.12582312217417,0.6658180652792578,0.6177484842091394,0.35341048195501973,0
12,0,0,0.3242334089533153,84.07266357419603,0.6027051214024366,0.6759114849334736,0.4757068652865894,0
15,0,0,0.3239320559405368,80.50257422432067,0.5873331547534204,0.42354580080520865,0.3888065413651304,0
10,0,0,0.13510299550370403,70.88944309993138,0.7968587446075571,0.5021916942246176,0.4432537671907055,0
14,0,0,0.21576524058139807,100.498433862508,0.7892980160686822,0.5135622707106758,0.27934402950759,0
13,0,0,0.051006145804862874,65.47969804598046,0.684002369450828,0.5715098135819037,0.4339598884690655,0
13,0,0,0.04166643371104276,95.23709548084926,0.7903163222160714,0.5772862518025773,0.43839523911661804,0
9,0,0,0.38794218755647375,81.9520798499088,0.5757715042865694,0.674721142114245,0.30087321797245054,0
19,0,0,0.04853108092742903,66.1172287770867,0.7388455896511915,0.5967819782909658,0.37091363301839747,0
18,0,0,0.21449193831421234,75.71249780589771,0.5778881362926164,0.5200346935944635,0.21720896948642493,0
16,0,0,0.1886443886868272,87.91018212725017,0.9447655176077113,0.4139756562407826,0.31526396533928913,0
10,0,0,0.30772757676499374,82.22700858796223,0.6731158688019553,0.5126591063176118,0.39709626225721206,0
15,0,0,0.03001664502857802,138.28489296830838,0.7375667941743955,0.5007140231104441,0.2477529309830557,0
16,0,0,0.06461115284736459,48.65645818829106,0.5737283750846798,0.6284688716131687,0.3793066346920035,0
13,0,0,0.1004991740286492,48.65883499529124,0.6838892439228483,0.5890725026088897,0.4132314781572938,0
17,0,0,0.12235081245198487,68.46007257244933,0.739071069986994,0.5378194775946666,0.3732586542293458,0
13,0,0,0.1883372409012325,54.75221402285669,0.6939441511941017,0.5659297783829641,0.2664844742825086,0
10,0,0,0.19028623033571138,61.19557582148566,0.7750208905279897,0.40952084523896726,0.2620273323324527,0
9,0,0,0.04105329727533335,118.05814924548335,0.6246083735646053,0.48057362377519314,0.46840793629711325,0
17,0,0,0.3628679033110959,56.730524004154574,0.8087335849193705,0.5405805424649167,0.36207372214451966,0
16,0,0,0.25785327928485524,84.73910777438492,0.6695933991795464,0.5531047200488555,0.3572640018888038,0
15,0,0,0.14644877146322993,72.15920408258538,0.7847355785482538,0.5048049020146492,0.3574143556823203,0
14,0,1,0.15764198923362463,86.1878314031389,0.6704842757926909,0.5193302712174064,0.27551412096463174,0
23,1,1,0.8674110040208357,108.44739055155549,0.13157237561485288,0.15129175170818848,0.022910296106711907,1
1,1,1,0.6104813739011943,239.86498532975057,0.16493481592050177,0.11219522263449516,0.03364785019625585,1
7,0,1,0.07476996668742703,104.56841624560303,0.7095979150801208,0.556767125806271,0.3349131093595192,0
15,0,0,0.6070826157153486,91.00404992052881,0.6956458589714666,0.5629929854166075,0.23850620125070626,0
9,0,0,0.301963940084366,69.24377307285721,0.7682349555004178,0.46908740150589606,0.18561909538597648,0
14,0,0,0.44677657043361063,77.08379083822368,0.8369884210778689,0.7714152615791912,0.23115503974151425,0
14,0,0,0.057793019705762914,63.935198160965896,0.7873701567310106,0.47327829314693604,0.38501245388274447,0
12,0,0,0.11813308986859336,69.86794608057593,0.7897547493215561,0.5695103973142889,0.4161125847914606,0
9,0,0,0.09348881415933775,95.03592931670912,0.8340263154776244,0.36918559531292544,0.5287508996958146,0
13,0,0,0.01494355041300601,57.44093952988662,0.6325010350626663,0.5405034689407329,0.4755998787999157,0
16,0,0,0.0711868680218112,75.92436277750905,0.6082430353799094,0.4584875340520499,0.32551047612320366,0
8,0,0,0.0053098900772165815,33.11404212422645,0.7226156180202616,0.6464550682239334,0.40579906495368,0
14,0,0,0.24990002247330606,35.71625257913994,0.6749222859659945,0.6081850439307079,0.27779947948453665,0
10,1,0,0.19293186292404843,52.36101937272735,0.7641487017225034,0.5121960708268524,0.34702005979582984,0
18,0,0,0.059656740021329625,68.32639286387638,0.717336420838645,0.5832532313097641,0.39035557181299746,0
14,0,0,0.18525540774765537,96.18242621980488,0.6302855163186196,0.4969178171870353,0.29805896643118907,0
12,0,0,0.32390628190821924,66.74597183289472,0.6217667559446525,0.6801158348652031,0.2273708097317834,0
16,0,0,0.11797170877523816,75.60128409467329,0.7193676387701411,0.7277182840257725,0.26379509369061394,0
8,0,0,0.1840107807420214,90.13166308380508,0.698328509834325,0.36375152473752054,0.3724938532514783,0
13,1,0,0.0884823728669382,83.84842235536362,0.6151762600187648,0.5190977634803751,0.38668473089697347,0
3,1,0,0.7855950572029651,207.11562400531062,0.11391235130645964,0.07144812552600176,0.01650063926571644,1
12,0,0,0.3960269027821443,57.997288925513885,0.8337685079938845,0.37855141045038787,0.4506223160695554,0
16,0,0,0.20426498312166066,127.49213100052863,0.8020278427406203,0.634630406230773,0.3759192205017715,0
19,0,1,0.17837003937467638,85.19615713611019,0.6386220527118687,0.6436569355856788,0.31897696355605676,0
16,0,0,0.4523862764760661,88.20424031359103,0.4761893947717797,0.5148475264856708,0.17508464169995458,0
10,0,0,0.12059480406662171,99.47638143434618,0.8034994718176396,0.5553752562990503,0.28999986110011905,0
15,0,0,0.17076212771678007,80.93114946655722,0.720878841082202,0.722235994199565,0.3510684473234938,0
16,0,0,0.2226886057773831,52.27115493459614,0.5637747575961402,0.6808246606879911,0.26707344201042743,0
15,0,0,0.08180540896240109,72.3239814858451,0.7018836332364689,0.43770429508928704,0.3135615000916146,0
18,0,0,0.1442660865866139,102.54709523284845,0.6896258823321462,0.6104993375678873,0.4047230330493905,0
23,0,1,0.7935455836444539,194.2805085703806,0.20516542059881912,0.13743976071070857,0.00916033199547615,1
16,0,0,0.026595070729683958,109.54787329949338,0.6687607942515659,0.5734431116482098,0.4284152697337457,0
15,0,0,0.037127164535371356,75.266823506962,0.7084572497183795,0.5210124384525131,0.32645218211782,0
12,1,0,0.023953204032000283,59.491797444441914,0.8057043631143692,0.5544217002900184,0.3347942661679404,0
11,0,0,0.233443438888478,68.36557301595506,0.6163727052427171,0.5731660444236518,0.4533349172526938,0
12,0,0,0.07050486685870845,98.8553160245055,0.7199549522301633,0.28981116849483113,0.2904301314849149,0
14,0,0,0.3754793486466738,79.38334971831631,0.7396296807196265,0.44224167523962876,0.40647757973590526,0
11,0,0,0.1114018558171421,33.11313383162252,0.7581628101781166,0.606515337880977,0.22342663870984655,0
10,0,0,0.10082177850469835,48.54943499995118,0.7607856566220894,0.7837845119172165,0.3997281050496777,0
12,0,0,0.14748419985498543,77.61267601446247,0.7273883230603566,0.4166525681265799,0.3893837529550429,0
19,0,0,0.1805272831950532,52.04627673763193,0.72758614877843,0.45560464752779983,0.4132272465427763,0
10,0,0,0.31276552574703137,70.68463670283845,0.6707160779555099,0.5748933910396659,0.3620064904276019,0
12,0,0,0.026680584079648455,79.65924221325074,0.7737691452077149,0.5238438098933599,0.31587160135527204,0
12,0,0,0.06486181727125397,99.77063725702925,0.5959184470121556,0.5562698303236715,0.5713948713625807,0
11,0,0,0.10285649781653994,79.74122463792824,0.6959388332122611,0.5489803884374954,0.4766263557418667,0
10,0,0,0.18300203783934724,91.02383457403388,0.6465797170065988,0.4693718179315316,0.3988675933128683,0
8,0,0,0.17825837598784938,94.98445854401709,0.8567955163209657,0.3606828838761895,0.3355754381720373,0
9,0,0,0.0963753702348085,84.73652233576055,0.7155918320766168,0.4780518454021453,0.5525523742193742,0
10,0,0,0.26731678165522205,55.60248510316957,0.6686765823373723,0.5157847109267953,0.38573292122231223,0
15,0,0,0.07203933297554956,86.9145315960316,0.6845590277406826,0.5976602967323981,0.325602142502952,0
8,0,0,0.029985686623925308,53.232351773523106,0.6558704927385239,0.4756139072904366,0.34306362393263007,0
12,1,0,0.05371542585840723,84.77201581856887,0.7946111074392895,0.6496554884498404,0.3697346519688595,0
9,1,0,0.12357045548059713,102.65379641039178,0.7815388966429703,0.6160037491790336,0.28721766022752065,0
13,0,0,0.05743267788834511,52.63331404897765,0.7926450274814388,0.5981028664763656,0.3146471986336248,0
12,0,0,0.034973996196725636,80.16563819915854,0.7514701496203278,0.33439919939406215,0.30940795388796594,0
14,0,0,0.2907326277784292,72.28740036953677,0.6244507615420433,0.6318763950347442,0.35447514801059204,0
11,0,0,0.04998668448416943,47.58172963383697,0.5663267259283855,0.4028187648675815,0.30035851034810707,0
9,1,0,0.2493258319799863,105.45765537509327,0.6750554765179528,0.61294040061022,0.37233932431468497,0
14,0,0,0.29937822359337696,101.55686711490364,0.7729102551913366,0.5303995702154984,0.22357285457235718,0
13,0,0,0.15716505681929935,81.06915825234948,0.7325786274748954,0.6277072958990899,0.31054225235952715,0
11,0,0,0.047030826830635725,93.42456023227398,0.6612489794086959,0.3759497010972185,0.2807248092934171,0
10,0,1,0.05992976003367439,87.5012430378468,0.6892359911985666,0.6030693938024734,0.42768050687673503,0
18,0,0,0.2897009612521578,75.27107160070973,0.6348421803099062,0.5594592532957701,0.38968965664710287,0
14,0,0,0.1133159755446535,103.39076294587767,0.7742819161120023,0.5032023686675708,0.351070065017269,0
12,0,0,0.027411589144387905,44.69559369394302,0.7065078597279638,0.5465525134965368,0.5558013949575784,0
10,0,0,0.19940930841701732,61.18939568997567,0.6598271305545983,0.8312649248238724,0.22129546325840224,0
7,0,1,0.34359959015874686,102.64104576828356,0.5569817193812225,0.5327128917556564,0.3790407398171613,0
12,0,0,0.14598324437809806,64.50696287475874,0.7588075094797689,0.5517334629151308,0.2182002960762049,0
13,0,0,0.1266710112386057,77.90083687999655,0.635427610068938,0.5247937184596644,0.3983833266040454,0
9,1,0,0.21198688886429726,69.30377323562884,0.6575653236284439,0.5598001914099383,0.4021232496515167,0
15,0,0,0.018367977119041517,115.96575401846125,0.7281157944520039,0.6271874292369829,0.3509373134175492,0
14,0,0,0.28531626513035435,69.43147737768949,0.627045247489593,0.4690546270902673,0.2940782517516859,0
17,0,0,0.41983576031402264,74.38799106323872,0.6339411233083814,0.6272539807582761,0.4175149513242684,0
12,0,0,0.16434420191358462,77.73663180542205,0.8234807974767496,0.4424427713856985,0.47743296712982464,0
12,0,0,0.2168297384580065,72.22733637866364,0.7331456527505532,0.7621143402633668,0.31431444972329325,0
11,0,1,0.09654610054377448,79.14842757911111,0.6306137918358979,0.6658949582376901,0.40050197840972607,0
14,0,1,0.33878843395274755,45.24570809725736,0.6946170619798047,0.5819094834023575,0.4467411654740302,0
13,0,0,0.09227143223784778,92.80427318657517,0.6271270434890609,0.5693181579813199,0.27241596839079407,0
17,0,0,0.14385924415074947,107.27700649865379,0.6358490181681269,0.4714023392068645,0.43646849639606966,0
10,0,0,0.49105356887089147,76.20888976921442,0.6237842731279175,0.6007728451638253,0.33533619548581917,0
12,0,0,0.033437764224548264,81.57197412230074,0.7531693028021362,0.8357438423139866,0.4226714637813843,0
11,0,0,0.10726537744184618,92.96788022477425,0.801927907187282,0.5658448050499736,0.31522404210214927,0
11,0,0,0.23450201685386268,97.46113200185486,0.7548366668765933,0.6568462067244298,0.4099565612325251,0
9,0,0,0.18866120118698965,63.604921424583125,0.697090709130786,0.6103006853426677,0.29846333996908414,0
14,0,0,0.0791605413225162,80.58847151169945,0.693815565579598,0.5471916924895969,0.34687208630267574,0
23,0,0,0.8482590043735523,305.4395961652879,0.2413020271642175,0.10220960297117695,0.04296512849031976,1
16,0,0,0.15198823158449107,85.66137176019978,0.7580102453878407,0.5556496691993233,0.4431955556150502,0
13,0,0,0.19415671676563834,83.24119118125749,0.5926389598206836,0.438906890478428,0.3963425577056746,0
19,0,0,0.06803079705321978,100.94630572147517,0.6180305278387594,0.4978461355213617,0.32810368033457854,0
15,0,0,0.35692603184219374,86.27638040214244,0.7129108843797466,0.5031574302100542,0.32163299621989133,0
14,0,0,0.36470319453151184,92.81981438789947,0.6509451470124578,0.465325590711598,0.34081776407984615,0
20,0,0,0.05274974106697105,66.0263912803034,0.7634286579582077,0.5711386475048268,0.4299739215897591,0
15,0,0,0.15160449485320793,90.1615821039813,0.7888423766369156,0.6160442566548437,0.3986761389143743,0
2,1,1,0.8545352735216039,288.91896433029797,0.21052010135729032,0.0849496005764556,0.018599742823743992,1
13,0,0,0.11681201868101306,51.16042528719974,0.6676829493090463,0.42833962847105955,0.37470394214785324,0
18,0,0,0.23507464887652235,34.48527192556496,0.6877126305184532,0.6231492407940935,0.33092509192157576,0
16,0,0,0.1650995547910462,56.7034380707792,0.6747489001315968,0.7196586682970851,0.35294443992775637,0
18,0,0,0.10583132368737365,70.16505160539731,0.6855633333230433,0.7510926112400514,0.16022435775491883,0
13,1,0,0.4112359572791478,46.25304611173297,0.9014115363119404,0.5717273158228624,0.3511257666298804,0
15,0,0,0.09634778650763784,69.41455386600214,0.6472717689117315,0.3790773896089845,0.40348442746053886,0
17,1,0,0.6252435670314566,59.74632297223677,0.6119920705498862,0.5724297307181595,0.32162421576322575,0
14,0,0,0.07965241166372963,75.64630613130686,0.6499112060617633,0.5602256659647417,0.20229303911036153,0
8,1,0,0.24539298684098282,50.15788329054016,0.7431908380734721,0.6522407225360473,0.3795486447759923,0
16,0,0,0.10676669816599159,86.41699292649214,0.7731482939391945,0.5037444283675421,0.37655963947655474,0
16,0,0,0.09418925402734141,100.57561839491018,0.7081542076361796,0.48396998839780114,0.3427846069298089,0
13,0,0,0.17330535461594443,107.16242191734521,0.7739035514934206,0.4505664891504881,0.41314932445357644,0
12,0,0,0.04437940509260511,103.51013153017558,0.600210146392437,0.5879687580613984,0.3721566940175492,0
15,0,0,0.03963159110302008,82.82838946681089,0.5662796375561089,0.8203985107279388,0.32181879720401846,0
13,0,0,0.09526476742107608,86.4802504837996,0.8382623148572848,0.4897280636969778,0.30627697655772973,0
14,0,0,0.21626356975108502,75.45161174712231,0.6986869172739858,0.598938393893841,0.3106767339074267,0
20,0,0,0.281248063627767,69.36245012114485,0.48662720954423466,0.5824089222320048,0.36580450260220027,0
16,0,1,0.3227167845515024,96.79845210265596,0.6577915257801386,0.49395505311969246,0.3358512645141763,0
11,0,0,0.33387688991608605,57.06335835665118,0.6413267217072776,0.5751854415295006,0.2864765166640917,0
14,0,0,0.20917540136431273,80.03998712830175,0.7359708014329212,0.445271285361619,0.46759497847529846,0
12,0,0,0.022525527630150543,66.43856943013002,0.7662929307052133,0.5866451146571551,0.3601493581036674,0
15,0,0,0.11174878248150481,82.53193420555387,0.848338328374801,0.6100959284699897,0.15486002891419073,0
19,1,0,0.17769638993929196,69.2336759427684,0.7225896080581624,0.7706525307140403,0.33589072396085357,0
12,0,0,0.11300768712279072,63.38460236789329,0.7385025618194692,0.4093085834398138,0.44131846144825737,0
14,0,0,0.06836153784735861,87.76948401703082,0.7783863031212424,0.637082277036664,0.3269371633498145,0
12,0,0,0.12963485171705347,52.48172822796897,0.8095600544642333,0.5587867637080728,0.2806867089072449,0
18,0,0,0.290611552715347,44.80368584609069,0.8647131633666216,0.4695473369775187,0.3823985855139741,0
10,0,0,0.1388282329498209,74.78200353998301,0.6259039746685253,0.5670625078539793,0.3068371854463088,0
12,0,0,0.29246227321835,78.18258140748074,0.7245129253735656,0.46491803776173074,0.19313235212243737,0
10,0,0,0.10948655651230824,101.69030321859933,0.6646453043060312,0.4213869963291209,0.4242193919640964,0
11,0,0,0.08308857032153892,67.20993218225048,0.7695284014771882,0.5471982215104256,0.4149388567997201,0
14,0,0,0.2127817911929859,68.38079622937033,0.5824671092899163,0.5436491325561732,0.26194709886125117,0
9,0,0,0.18081106958851675,84.47934856746896,0.6349152216452225,0.6900881860312967,0.17244205931015577,0
14,0,0,0.059146363154673094,31.717842979379256,0.8330010455968805,0.434632508360024,0.12898595954610054,0
12,0,0,0.08100607631865707,97.8571163264591,0.7837235224415997,0.6048982874076911,0.30714281017844797,0
15,0,0,0.14321215793982228,89.05076837959184,0.6830298339862043,0.6236836530920051,0.255403954223485,0
10,0,0,0.03266478953669695,44.38523784873059,0.6226625265290874,0.569838116062644,0.31350750431077135,0
15,0,0,0.13122175196990313,86.83017371073606,0.7419073918646765,0.6158797368366193,0.24704740475709003,0
1,1,1,0.8545031069769392,197.89398322399305,0.1790672063549053,0.056539373963201425,0.012571645278358627,1
7,0,0,0.17560621770942667,50.5776953123022,0.7724494448937106,0.5907263893735469,0.310782227996898,0
15,0,0,0.07973189180280993,74.95251750031034,0.7245928057150526,0.427529522234946,0.26276421979596176,0
8,0,0,0.07246962140958596,65.93861838204396,0.6872280857305598,0.5430201214237863,0.4254074896719834,0
15,0,0,0.3961715704188553,95.43066519523839,0.7368533502179696,0.5408459980581792,0.34215411451739935,0
12,0,0,0.013029009348064217,83.90526062959546,0.8447052998239268,0.599792293426938,0.33285800459564274,0
14,0,0,0.08468864321470623,50.928014401367385,0.5718270515679038,0.709021880562178,0.2761216176053357,0
12,0,0,0.013345048879799306,67.43257783761042,0.743753269658889,0.5892010937365757,0.3511118567466009,0
16,0,0,0.15921249181686142,120.17510772370278,0.807935324443825,0.41596437919787965,0.36384057117217805,0
13,0,0,0.24619166129497666,80.75046464679197,0.8800770481272122,0.48838249158254765,0.3464003833885595,0
13,0,0,0.23964565684311595,103.79244010575286,0.7168234974122417,0.5514680139889712,0.44835005741200834,0
14,0,0,0.07987304114416686,49.986611944363226,0.6756342075487642,0.6055145681944831,0.4683569715081754,0
8,0,0,0.015288089288026812,77.94675817918734,0.6834552015409069,0.4786180502781289,0.4412202624755424,0
2,1,0,0.6805017565321662,290.877524607822,0.22391250805735818,0.14827070561675892,0.0,1
20,0,0,0.20000222821008237,82.79848624078227,0.7276351230790189,0.48341222888795643,0.288531547236167,0
14,0,0,0.0692444561641089,90.72593938361787,0.6707045808007444,0.5631873813121152,0.459502770552285,0
14,0,0,0.06839840325477689,70.93123403262814,0.6733507942157847,0.455732008546866,0.4395517729598704,0
11,1,0,0.046718055678476374,77.61662325344159,0.7032774195178064,0.5404714212986066,0.5048304946823288,0
3,1,0,0.49423305739056705,322.66417417648466,0.1831846072215147,0.08864818705290753,0.057860977708450875,1
13,1,0,0.152965903725093,110.32737293450673,0.725633530186183,0.5988668524467308,0.2849287670122659,0
7,0,0,0.02829212107223292,51.800605938322484,0.5620932904112829,0.5006531790846125,0.34323840947908213,0
11,0,0,0.03004041795148255,82.57243184982532,0.5899132409098786,0.7043492856014554,0.32836824463236464,0
9,0,0,0.017470395842090862,99.62959498616232,0.6674903285161513,0.5604690029888126,0.270068408693519,0
18,0,0,0.3770365838401049,60.30010144551116,0.7231754821278049,0.5705410526961261,0.3456236450520583,0
17,0,0,0.15626285893552452,72.6906081177155,0.8564873406502111,0.6465170492728667,0.4922656725375858,0
12,0,0,0.06767320070585549,76.52324599810767,0.7419043076258816,0.6159484214251897,0.40401157279159183,0
15,0,0,0.16703755325163722,87.55941995989397,0.7336141554553546,0.5613748153486144,0.432702893435112,0
12,0,0,0.24549259405373772,61.39470625459899,0.6375426374454127,0.7075082827608732,0.3327880667383097,0
2,1,1,0.6489830521511339,372.6384526435944,0.17152776503437525,0.011541073610781633,0.03084390571448512,1
10,0,0,0.10869610523751999,82.70246903736164,0.6290461934871652,0.6411238044568948,0.37086035073129336,0
11,0,0,0.1473434007182506,44.460267213478495,0.6993035278651416,0.3689786678913184,0.5008951326844865,0
8,0,0,0.31874047425222946,111.80904595832047,0.6305355346234764,0.5467662881304785,0.5321944358844879,0
16,0,0,0.3291395159934766,58.648124619102276,0.6991337233276333,0.5794592842558379,0.3940739504714832,0
14,0,0,0.3470552109003001,76.93948247587574,0.7553963683975768,0.4710013646132397,0.2855205112934562,0
6,0,0,0.06935343978295093,89.00041346843665,0.5475181565960014,0.5698578620681517,0.34731172480350864,0
16,0,0,0.08350051164106889,77.17208995712396,0.6824130793201019,0.592228901912536,0.4701623401474504,0
13,0,0,0.28792740029864317,84.9589512170375,0.7317857864389177,0.4976227221458765,0.29465842055981495,0
23,0,0,0.15121360431676342,78.21359194598531,0.8019610140341351,0.5890454932053882,0.2778311089455159,0
13,0,0,0.06384201498225997,53.76393668445577,0.7011095926577612,0.4497624254233783,0.2941954234722953,0
11,0,0,0.03954294877258697,87.29050075985604,0.7562415005049737,0.5607534180053635,0.4167620437895246,0
18,0,0,0.03318939848299002,82.91876588289549,0.6960529673798622,0.35222509376328726,0.44621606452289164,0
12,0,0,0.005596014983310247,65.51314961183598,0.7257614113533641,0.604532326196706,0.4283668272924778,0
13,1,1,0.08006230704359103,76.72092999946007,0.778594224781027,0.5627362475656486,0.4131126306706591,0
12,0,0,0.04508082773253575,65.42779029480945,0.6122557960976347,0.5803837425637564,0.35090221572949276,0
8,1,0,0.3091596108785567,66.075758968402,0.7413388934381313,0.49879385806808735,0.3913362254918773,0
9,0,0,0.0935529696936686,105.29079618676073,0.8177382932974074,0.7416444876735411,0.36105641034826236,0
6,1,0,0.18253925613653552,98.29248107973693,0.6380376869669595,0.5551698321428615,0.2572128571386427,0
10,0,0,0.03131209216742654,127.73903599147845,0.7779883737244959,0.5756658730712262,0.38355719142825984,0
10,0,0,0.19509088475744443,47.69898218830424,0.6734724852574716,0.5240790740684917,0.3567729024586211,0
12,0,0,0.04157767529593133,118.45892388133154,0.5455707033009449,0.613342154102735,0.30863886200365115,0
12,0,0,0.048332006607572295,85.76438126180648,0.7797817640914764,0.6266867293329061,0.3833094518511164,0
12,0,0,0.14027817440769533,103.8277928058283,0.5593685559356263,0.5220323168867107,0.15932890376341102,0
15,0,0,0.21499171685495652,69.66978515678335,0.7372242103953209,0.5835042367537414,0.27900289402062717,0
16,0,0,0.47289581930800256,85.63911734788314,0.5951037662248896,0.47018466422451666,0.3635579096954608,0
10,0,0,0.23838534555090085,51.56472701310854,0.7715646729587183,0.47365606826893397,0.334401609110417,0
14,0,0,0.050293159970125664,48.038952494465725,0.6573456110627866,0.5996343034340732,0.22579940213599564,0
10,0,0,0.05483782603024557,94.59431347567417,0.7441241845450323,0.6688784114353874,0.52486910131341,0
